eu_de/vps;/eu_de/permanente-absturzsicherung/
eu_de/wind;/eu_de/industrie/applications/windenergie-offshore-industry/
eu_de/retten;/eu_de/industrie/applications/feuerwehr-rettung-spezialeinsatzkrafte/
eu_de/szt;/eu_de/industrie/applications/seilzugangstechnik/
eu_de/baum;/eu_de/industrie/applications/baumpflege/
eu_de/seilgarten;/eu_de/industrie/applications/seilgarten/
eu_de/energie;/eu_de/industrie/applications/energie-freileitungsbau-telekommunikation/
eu_de/kanal;/eu_de/industrie/applications/kanal-und-schacht/
eu_de/hochregale;/eu_de/industrie/applications/hochregal/
eu_de/aufzug;/eu_de/industrie/applications/aufzugsbau/
eu_de/hubarbeitsbuhnen;/eu_de/industrie/applications/hubarbeitsbuhne-ipaf/
eu_de/gerustbau;/eu_de/industrie/applications/gerustbau/
eu_de/stahlbau;/eu_de/industrie/applications/stahlbau-montage/
eu_de/dachzimm;/eu_de/industrie/applications/dachdecker-zimmerer4/
eu_de/gurte;/eu_de/industrie/produkte/gurte/
eu_de/auffanggerate;/eu_de/industrie/produkte/auffanggeraete/
eu_de/verbindungsmittel;/eu_de/industrie/produkte/verbindungsmittel-und-halteseile/
eu_de/seile;/eu_de/industrie/produkte/seile/
eu_de/karabiner;/eu_de/industrie/produkte/karabiner-und-hardware/
eu_de/hohensicherungsgerate;/eu_de/industrie/produkte/hoehensicherungsgeraete/
eu_de/abseilgerate;/eu_de/industrie/produkte/abseil-und-rettungsgeraete/
eu_de/mobile-ap;/eu_de/industrie/produkte/mobile-anschlageinrichtungen/
eu_de/accessoires;/eu_de/industrie/produkte/accessoires/
eu_de/sets;/eu_de/industrie/produkte/sets/
eu_de/retten;/eu_de/industrie/applications/feuerwehr-rettung-spezialeinsatzkrafte/
eu_de/einzel-ap;/eu_de/industrie/produkte/einzelanschlagpunkte/
eu_de/spezial;/eu_de/industrie/produkte/gurte/
eu_de/vrc;/eu_de/vrc/
eu_de/services;/eu_de/industrie/services/
